theta_deg,sigma_over_a2_ka0001_far,sigma_over_a2_ka5_r1000,sigma_over_a2_ka50_r1000,sigma_over_a2_ka50_r1e5,sigma_over_a2_ka5_current_far
0.0,1.00726875746e-12,0.00382300968897,0.914539586427,0.911955230837,0.00431478850099
1.0,5.36192036054e-13,0.0123154154445,0.647483613523,0.645842275863,0.0145594975183
2.0,2.12795186928e-13,0.0296286906186,0.524631065531,0.523878213177,0.0334617054108
3.0,3.69919430133e-14,0.0562500964576,0.565706737008,0.565558895337,0.061523113051
4.0,8.51639495129e-15,0.0925704232355,0.711039431967,0.710971076867,0.0991593578312
5.0,1.26923436497e-13,0.138866882821,0.832839991272,0.832293326353,0.146680711072
6.0,3.91589428495e-13,0.195278785282,0.807560455361,0.806480588198,0.204265011971
7.0,8.01713080659e-13,0.261776161925,0.623285161956,0.622572986228,0.271922953489
8.0,1.35631655011e-12,0.338121873123,0.409983724175,0.410922977771,0.349456232607
9.0,2.05424675533e-12,0.423828161944,0.296886774343,0.299363470362,0.436409550972
10.0,2.89417690403e-12,0.518109107694,0.243211712941,0.244925271157,0.532018033044
11.0,3.87460823303e-12,0.619831026278,0.158616761628,0.157706918262,0.635152346747
12.0,4.99387195804e-12,0.727463579788,0.159994941917,0.157937173181,0.744264689108
13.0,6.25013143105e-12,0.839035217486,0.316535382314,0.315301318678,0.857339847463
14.0,7.64138450272e-12,0.952097585856,0.30658053697,0.304761311506,0.971856756548
15.0,9.16546608679e-12,1.063704711,0.141405673246,0.138493823619,1.08476730505
16.0,1.08200509236e-11,1.17041404277,0.346980003717,0.346321802997,1.19250052275
17.0,1.2602656539e-11,1.26831778582,0.493534974655,0.49679479912,1.2910015701
18.0,1.45106463958e-11,1.3531142049,0.131701455178,0.136728318518,1.37581596056
19.0,1.65412332329e-11,1.42022957814,0.0512777526389,0.0497975470948,1.44222990541
20.0,1.86914825885e-11,1.46500188736,0.134351897269,0.124562542921,1.48547723691
21.0,2.09583165041e-11,1.48293675773,0.353993386671,0.354101426055,1.50102162239
22.0,2.33385174024e-11,1.47004404283,0.337284457907,0.345948820481,1.48491925166
23.0,2.58287321371e-11,1.42325909949,0.0164307100859,0.0169345622782,1.43426135484
24.0,2.84254762073e-11,1.34094542521,0.197872434237,0.194454619896,1.34768729465
25.0,3.11251381333e-11,1.22346411873,0.0456190391417,0.0436658524739,1.22594718334
26.0,3.39239839868e-11,1.07377992191,0.280147115759,0.268498776707,1.07247782928
27.0,3.6818162071e-11,0.898053168779,0.216638697761,0.223998367845,0.893937570411
28.0,3.9803707745e-11,0.70614243082,0.164679993018,0.189101095075,0.700625131645
29.0,4.28765483852e-11,0.511915992028,0.202463568532,0.181366829039,0.50668701742
30.0,4.60325084796e-11,0.333245455609,0.409651166669,0.391607691753,0.33000050697
31.0,4.92673148469e-11,0.191538160161,0.182686311532,0.201579787536,0.191610208177
32.0,5.25766019753e-11,0.110665590246,0.0236837158818,0.0235293397784,0.114602361954
33.0,5.59559174743e-11,0.1151734908,0.119128337994,0.133079053906,0.122331156393
34.0,5.94007276316e-11,0.227727077925,0.365605391774,0.337534488827,0.235973926235
35.0,6.29064230697e-11,0.465859868886,0.510784475278,0.50654237691,0.471493860536
36.0,6.64683244952e-11,0.838258148482,0.0907730787571,0.133319375459,0.836230552406
37.0,7.00816885321e-11,1.3410130938,0.463075084146,0.430820538305,1.32551094281
38.0,7.37417136344e-11,1.95447949471,0.106116458176,0.105778894521,1.91985169874
39.0,7.74435460681e-11,2.64154412173,0.420311218485,0.41029533041,2.58346713426
40.0,8.11822859578e-11,3.34816118586,0.067140458491,0.111539298211,3.26484687011
41.0,8.49529933885e-11,4.0068838701,0.664664039992,0.626807609959,3.90005951951
42.0,8.87506945557e-11,4.5437503564,0.763872134341,0.76194384069,4.41911722509
43.0,9.25703879569e-11,4.88825294176,0.0188884132875,0.037229630811,4.75517950065
44.0,9.64070506159e-11,4.98528458189,0.204348464667,0.209049379783,4.8556245236
45.0,1.00255644333e-10,4.80706731887,0.679976072946,0.653775641383,4.69319759899
46.0,1.04111121951e-10,4.36236400581,0.623063939517,0.647011113555,4.27477485063
47.0,1.07968433637e-10,3.70005926948,0.28824486141,0.287802731618,3.6450318427
48.0,1.11822533159e-10,2.90474928506,0.850989541499,0.835753442248,2.88275283965
49.0,1.15668384162e-10,2.08345272657,0.446272399381,0.447501687037,2.08881915277
50.0,1.19500966429e-10,1.34484455753,0.0181459720902,0.0452632944762,1.36701100426
51.0,1.23315282125e-10,0.775079880481,1.90657619258,1.88843562927,0.801267125193
52.0,1.27106362006e-10,0.416545114209,0.416138681705,0.42099380794,0.435264859426
53.0,1.30869271594e-10,0.256787861709,0.126397083402,0.127153293714,0.261198975494
54.0,1.34599117316e-10,0.233575644042,0.061659660501,0.0684816682689,0.223595272626
55.0,1.38291052575e-10,0.258146219485,1.81005930805,1.79740899348,0.240469460737
56.0,1.41940283783e-10,0.252722234857,0.491573799085,0.502363191754,0.238504847728
57.0,1.45542076307e-10,0.191784963392,1.54864163854,1.54549390115,0.19254889938
58.0,1.49091760355e-10,0.13179928346,0.646203891334,0.651477296151,0.154864394296
59.0,1.52584736779e-10,0.21364072673,0.157858471927,0.142902290179,0.258762157719
60.0,1.56016482782e-10,0.627707543446,4.31414592215,4.36452809247,0.686379790003
61.0,1.59382557541e-10,1.54355772814,0.101920485173,0.05956636855,1.60160094656
62.0,1.62678607718e-10,3.02125314408,0.482536414175,0.486178204685,3.06405065212
63.0,1.6590037287e-10,4.93529711333,3.56700203411,3.65525431913,4.95385291699
64.0,1.69043690735e-10,6.94775937633,0.825887089938,0.710441037226,6.94311612306
65.0,1.72104502405e-10,8.55958857938,3.93509143076,4.03438199407,8.54347485506
66.0,1.75078857361e-10,9.24667584426,0.862178555676,0.876321298356,9.23757585236
67.0,1.77962918381e-10,8.65423607716,0.332634947237,0.241090146343,8.66999035355
68.0,1.80752966303e-10,6.78985433572,8.41995509813,8.56161798297,6.83964892084
69.0,1.83445404642e-10,4.13611608778,0.160112458922,0.0960057080257,4.21546366627
70.0,1.86036764053e-10,1.61094319377,0.579354688259,0.586652819065,1.70246651465
71.0,1.88523706638e-10,0.343277937072,8.90610542005,8.89467310479,0.423853929723
72.0,1.90903030091e-10,1.29733038217,1.61641368978,1.75118400451,1.34923050041
73.0,1.93171671669e-10,4.85094572704,5.74892748582,5.61139287008,4.87227633179
74.0,1.95326711993e-10,10.4847667369,3.77068111652,3.62554891012,10.4939973999
75.0,1.97365378677e-10,16.7414564788,3.09766988599,3.72883079657,16.7727130618
76.0,1.99285049756e-10,21.5534713279,13.0840406228,12.2966061938,21.6431108668
77.0,2.01083256952e-10,22.9210003448,0.367218954426,0.680559913351,23.0903020122
78.0,2.02757688727e-10,19.7807815538,4.163935402,4.94358731557,20.0224109157
79.0,2.04306193155e-10,12.7912701027,11.5127206012,10.2269903397,13.0668929101
80.0,2.0572678059e-10,4.72112280458,21.463458989,22.5834459583,4.97374426372
81.0,2.07017626131e-10,0.198125844125,5.58410982939,5.7493480468,0.376584631489
82.0,2.0817707189e-10,4.75056046038,1.23711398999,0.572969501449,4.83756893661
83.0,2.09203629045e-10,23.3073656109,101.202997863,101.850243269,23.3393327548
84.0,2.10095979682e-10,58.5413577276,5.97406841898,5.84280172927,58.6098035754
85.0,2.10852978436e-10,109.559129189,19.6577989443,19.4033884865,109.789741319
86.0,2.11473653901e-10,171.404682977,230.059164697,229.40440088,171.918818293
87.0,2.1195720984e-10,235.643928605,4.86226658329,2.79692372509,236.515121967
88.0,2.12303026169e-10,291.985115547,131.997322021,126.078829886,293.206515554
89.0,2.12510659719e-10,330.56293616,370.543763844,260.583712732,332.038767315
90.0,2.12579844789e-10,344.281872711,17239.4266183,17464.7692038,345.847768505
91.0,2.1251049347e-10,330.561904222,370.580225974,260.602984944,332.028361298
92.0,2.12302695751e-10,291.983139441,131.971914248,126.064628706,293.187616845
93.0,2.11956719403e-10,235.641188179,4.86619306122,2.79453128217,236.491066234
94.0,2.11473009646e-10,171.401453411,230.075893422,229.421048332,171.893535614
95.0,2.10852188592e-10,109.555774585,19.645687558,19.3970964148,109.76684557
96.0,2.10095054469e-10,58.5383069314,5.98242790624,5.84284329142,58.5918660377
97.0,2.09202580625e-10,23.3050664697,101.195988383,101.851063295,23.3275302503
98.0,2.08175914321e-10,4.7494158335,1.24096319601,0.572894864768,4.83176138982
99.0,2.07016375302e-10,0.198422206836,5.58892114002,5.75451121723,0.37573312805
100.0,2.05725454152e-10,4.72296761747,21.4543220813,22.5758698692,4.97647929768
101.0,2.04304810445e-10,12.79455502,11.5162319105,10.2295664841,13.0720163497
102.0,2.02756270682e-10,19.7851841307,4.16417118148,4.94397020422,20.0291677084
103.0,2.01081826015e-10,22.9260280251,0.36736226995,0.680837608137,23.0983634237
104.0,1.99283629779e-10,21.5585406275,13.0822588818,12.2953016066,21.6523271654
105.0,1.97363994814e-10,16.7459907033,3.09860490231,3.72838185631,16.7827766507
106.0,1.95325390588e-10,10.4882903983,3.77433541169,3.63085452946,10.5041797395
107.0,1.93170440133e-10,4.85315472271,5.74553264639,5.60696002992,4.88136059386
108.0,1.90901916783e-10,1.2981237701,1.61652615133,1.75107400028,1.3556775026
109.0,1.88522740732e-10,0.342747614511,8.9104614059,8.90014144391,0.426146320442
110.0,1.86035975403e-10,1.60932866595,0.578229390647,0.584176837401,1.69951012138
111.0,1.83444823644e-10,4.13373949146,0.158968775819,0.0956679397128,4.20690725332
112.0,1.80752623753e-10,6.78705376555,8.41935342216,8.56091000738,6.8260165739
113.0,1.77962845324e-10,8.65131268107,0.333992213409,0.241894915368,8.65258812304
114.0,1.75079084947e-10,9.24386351386,0.864436813226,0.879238237212,9.21820930781
115.0,1.72105061735e-10,8.55704696423,3.92931143819,4.02818650301,8.52407016423
116.0,1.69044612705e-10,6.94558414703,0.82437225989,0.708916736528,6.92535716931
117.0,1.65901688016e-10,4.93353788778,3.56703686485,3.65553515919,4.93892831282
118.0,1.62680346063e-10,3.01992983858,0.481526588312,0.484872727431,3.05255835961
119.0,1.59384748433e-10,1.54266955629,0.101207063389,0.0589693431175,1.59360356073
120.0,1.56019154742e-10,0.627233684666,4.30991129177,4.36041215099,0.681559631957
121.0,1.52587917342e-10,0.213535898261,0.157851847279,0.142635878727,0.256605035449
122.0,1.49095475915e-10,0.131989631436,0.647127940485,0.652589611853,0.154807258979
123.0,1.45546351965e-10,0.192169330795,1.54504914181,1.5418826371,0.19405331402
124.0,1.41945143196e-10,0.253181427154,0.489123982317,0.499795376517,0.24105305854
125.0,1.38296517807e-10,0.258559515256,1.80525869733,1.79276669806,0.243509960658
126.0,1.34605208691e-10,0.233840806837,0.0610524865505,0.0677735845821,0.226480715489
127.0,1.30876007562e-10,0.25683933066,0.126922155333,0.127673385607,0.263157879295
128.0,1.27113758997e-10,0.416365312815,0.41632457969,0.421199972735,0.435432629995
129.0,1.23323354424e-10,0.774700460043,1.90605700445,1.88790419927,0.79877865935
130.0,1.19509726045e-10,1.34433716375,0.0180773102609,0.0451713280656,1.36113488618
131.0,1.15677840709e-10,2.08291163269,0.445806789186,0.447017836553,2.07909907813
132.0,1.11832693741e-10,2.90427017641,0.851349027375,0.836175273597,2.8691188466
133.0,1.0797930274e-10,3.69971913537,0.288371659313,0.287875856506,3.62785180788
134.0,1.0412270134e-10,4.36220644992,0.622846111395,0.646801044342,4.25483205903
135.0,1.00267932961e-10,4.80709597619,0.680132638393,0.653983039948,4.67159800193
136.0,9.64200445382e-11,4.98546525312,0.20421129019,0.208871532685,4.83365265905
137.0,9.25840802505e-11,4.88852310096,0.0189969584263,0.0373346800239,4.73413148501
138.0,8.87650752524e-11,4.54403330181,0.762987505678,0.761066687943,4.40014132469
139.0,8.49680494145e-11,4.00710419325,0.663831454741,0.626009243265,3.88403019483
140.0,8.11980010825e-11,3.34825843808,0.066988041872,0.111328388828,3.25228894979
141.0,7.74599008622e-11,2.64148236954,0.419740162303,0.409746293827,2.57453567571
142.0,7.37586854381e-11,1.95425159692,0.106281197743,0.105956848487,1.91436275711
143.0,7.0099251433e-11,1.34063969815,0.46325912477,0.431011850813,1.32301082622
144.0,6.64864493157e-11,0.837782359397,0.0906456892688,0.133158780863,0.836087140582
145.0,6.29250773654e-11,0.465339127307,0.510084470543,0.505836564425,0.472993203608
146.0,5.94198756993e-11,0.227223993999,0.364703631468,0.336668877048,0.238407894653
147.0,5.59755203711e-11,0.114747214999,0.119820966766,0.133763563171,0.125066260271
148.0,5.25966175473e-11,0.110364917627,0.0236227273771,0.0234204659403,0.117124813729
149.0,4.92876977689e-11,0.191397052846,0.181895690995,0.200832647577,0.193546865835
150.0,4.60532103058e-11,0.333281161399,0.411168684668,0.393151178296,0.331118837454
151.0,4.2897517609e-11,0.512129516101,0.203730574928,0.182568180299,0.506879358629
152.0,3.98248898703e-11,0.706520832717,0.164195488482,0.188652365284,0.699883323935
153.0,3.68394996938e-11,0.898573019603,0.217287427839,0.224699291958,0.892323716618
154.0,3.39454168863e-11,1.07441125011,0.281230210134,0.26950625327,1.07009588336
155.0,3.11466033737e-11,1.22417426522,0.0452704198165,0.0433000774588,1.22291863727
156.0,2.84469082491e-11,1.34170237816,0.197886087749,0.194563130619,1.34413275501
157.0,2.5850062958e-11,1.42403404736,0.0168547977724,0.0173671191796,1.43028850746
158.0,2.33596766281e-11,1.47081304568,0.336254257628,0.34483189591,1.48061673736
159.0,2.09792315475e-11,1.48368156546,0.35205824639,0.352146910263,1.49645773194
160.0,1.87120787984e-11,1.46571002491,0.133771921046,0.124049558458,1.48070205305
161.0,1.65614340509e-11,1.42089386948,0.0519121361527,0.0504712922663,1.43727950821
162.0,1.45303735215e-11,1.35373192334,0.131733579441,0.136725441854,1.37071748494
163.0,1.26218301027e-11,1.26888960828,0.492501458679,0.495706356979,1.28577817873
164.0,1.08385896665e-11,1.17094295741,0.345696531864,0.34501907102,1.18717566381
165.0,9.18328754873e-12,1.0641949921,0.1408565709,0.137966522085,1.07936791194
166.0,7.65840521538e-12,0.952553911176,0.306913255905,0.305128643213,0.966415284533
167.0,6.26626711802e-12,0.839461968534,0.317281679539,0.316067349501,0.851895216333
168.0,5.00903774009e-12,0.727864336924,0.160854203082,0.158793236496,0.738862310622
169.0,3.88871883849e-12,0.620208249585,0.159309353196,0.158380921663,0.629843468591
170.0,2.90714688364e-12,0.518463980126,0.243284006893,0.244975371941,0.526858639499
171.0,2.06599070109e-12,0.424160564649,0.296104181946,0.298564564785,0.431459038007
172.0,1.36674931755e-12,0.338430460228,0.408554205208,0.409487413009,0.344776034346
173.0,8.107500139e-13,0.262058503865,0.621640906323,0.620931549915,0.267575248231
174.0,3.99146587547e-13,0.19553155384,0.806120099264,0.805046830008,0.200311587018
175.0,1.32917826263e-13,0.139086055964,0.831933996485,0.831392530285,0.143182021593
176.0,1.2866195236e-14,0.0927514938008,0.710864989093,0.71079769884,0.0961737787108
177.0,3.96167389797e-14,0.0563882735575,0.5662452083,0.566094458854,0.0591063551979
178.0,2.13616199372e-13,0.0297190876536,0.525599176077,0.524841592427,0.0316663492818
179.0,5.35132350872e-13,0.012353222057,0.64838403743,0.646738935581,0.0134345857185
180.0,1.0042535537e-12,0.00380364783486,0.914800320086,0.912215439133,0.00390541519697
181.0,1.62088852546e-12,0.00349709111582,1.24954920191,1.24615378133,0.00249842490938
182.0,2.38476633152e-12,0.0107776287277,1.55316029016,1.54925579977,0.00856313363164
183.0,3.29543659401e-12,0.0249047255466,1.7299749279,1.72602617785,0.0213775838274
184.0,4.35226991932e-12,0.0450470233994,1.71280724758,1.70936796368,0.0401421011285
185.0,5.55445854333e-12,0.070273610755,1.48479475945,1.48234228989,0.063969875014
186.0,6.90101719381e-12,0.099544935565,1.0930538453,1.09178821565,0.0918764188838
187.0,8.39078416863e-12,0.131705943638,0.643399948568,0.643127836651,0.122770373716
188.0,1.00224226287e-11,0.165484386965,0.267816189246,0.268011320381,0.155448490523
189.0,1.17944221039e-11,0.199497485953,0.0698788741113,0.0698699391278,0.188597907174
190.0,1.37051002099e-11,0.232270164705,0.0716512983613,0.0707915089158,0.220808950032
191.0,1.57526045748e-11,0.262267811944,0.194127732026,0.1919514582,0.25060154968
192.0,1.79349149712e-11,0.287945853369,0.293971313107,0.290530169872,0.276467864157
193.0,2.02498456534e-11,0.307817266816,0.259293333957,0.255414819968,0.296932759844
194.0,2.26950478955e-11,0.320537480188,0.133447360351,0.129918236479,0.310632342795
195.0,2.5268012727e-11,0.325003879943,0.157825570071,0.153918969491,0.316408748404
196.0,2.79660738643e-11,0.320464540845,0.559823249876,0.55511998068,0.313416955202
197.0,3.07864108318e-11,0.306628010573,1.13288837046,1.13322810876,0.301236674365
198.0,3.3726052272e-11,0.283763436563,1.21905013279,1.23380512257,0.279979701965
199.0,3.67818794378e-11,0.252778540873,0.626777901972,0.64814357115,0.250380968885
200.0,3.99506298641e-11,0.215262561551,0.351249919912,0.348329528569,0.213860459065
201.0,4.32289012141e-11,0.173482922374,1.17463308489,1.13886347403,0.172543807857
202.0,4.66131552956e-11,0.130328558826,1.85705971779,1.83154836258,0.129232274951
203.0,5.00997222423e-11,0.0891996685942,1.06379227427,1.0730043793,0.0873181930151
204.0,5.36848048547e-11,0.0538527587722,0.15034927603,0.159223959515,0.0506497472322
205.0,5.73644830959e-11,0.0282200553233,0.330797263686,0.338822157537,0.02335820833
206.0,6.11347187371e-11,0.0162315889909,0.197343573497,0.222459555814,0.00966990218062
207.0,6.49913601458e-11,0.0216737652046,0.322807440984,0.29661760206,0.0137318684047
208.0,6.89301472123e-11,0.0481167439621,2.29566574059,2.24022710733,0.0394814516054
209.0,7.29467164082e-11,0.098931576256,2.59495610718,2.6423164451,0.0905831572594
210.0,7.703660597e-11,0.177395163293,0.509578450834,0.555273235554,0.170439105712
211.0,8.11952612027e-11,0.286847665653,0.406837302039,0.357288423557,0.282252486812
212.0,8.54180398958e-11,0.430827609403,0.49035176986,0.475471626535,0.429089841013
213.0,8.97002178464e-11,0.613073532363,0.417478554182,0.387452142377,0.613854908637
214.0,9.40369944817e-11,0.837260396452,1.8663731886,1.90572786555,0.839065064989
215.0,9.84234985742e-11,1.10634895799,0.70443011882,0.78889279082,1.10632416348
216.0,1.02854794044e-10,1.42147996949,1.25809757982,1.13631407381,1.41542539237
217.0,1.07325885837e-10,1.78044883186,1.92261606405,1.91360932797,1.76310175658
218.0,1.11831725882e-10,2.175943974,0.183049258545,0.212725961255,2.14156682883
219.0,1.16367219105e-10,2.59390060289,0.474298834663,0.511606952883,2.53713629864
220.0,1.20927229501e-10,3.01246907457,0.106701424286,0.0757597729673,2.92935660613
221.0,1.25506586268e-10,3.40216870059,2.49936346009,2.42882243959,3.29114186577
222.0,1.30100089965e-10,3.72773576951,0.859978956961,0.993347649809,3.59038142865
223.0,1.34702518721e-10,3.95193730899,0.478047996056,0.381126728466,3.79328658547
224.0,1.39308634465e-10,4.04120559436,0.420097587911,0.409469400092,3.86938641913
225.0,1.43913189177e-10,3.97240503556,1.28321670551,1.2794913092,3.7975999062
226.0,1.48510931154e-10,3.73948930937,0.391599834476,0.520803500991,3.57230330311
227.0,1.53096611275e-10,3.3584110241,1.71353901839,1.51298795354,3.20792880423
228.0,1.57664989275e-10,2.86859305177,1.10035891958,1.20690335184,2.74054282176
229.0,1.62210839997e-10,2.32970145188,0.342244279755,0.352185857108,2.22519849853
230.0,1.66728959637e-10,1.81340557036,0.0797281488009,0.0318074180653,1.72868058851
231.0,1.71214171956e-10,1.39113668034,3.24580004486,3.21827339865,1.31845547753
232.0,1.75661334465e-10,1.12024708717,0.382540316092,0.51555707445,1.04992930879
233.0,1.80065344569e-10,1.0319794635,1.23418802679,1.09412593457,0.955095700582
234.0,1.84421145663e-10,1.12482071156,0.810777978629,0.733692866509,1.03588730197
235.0,1.88723733172e-10,1.36583253853,1.59959067615,1.93643431878,1.26472840647
236.0,1.92968160535e-10,1.70044845201,2.26353087077,1.86916009848,1.59291044346
237.0,1.97149545117e-10,2.0684635014,1.96330577938,2.16559744044,1.96487291198
238.0,2.0126307404e-10,2.42137595889,0.528527839524,0.551111305018,2.33404818165
239.0,2.0530400994e-10,2.73491136767,0.564747734713,0.367379041441,2.67459661126
240.0,2.09267696626e-10,3.01133055501,4.70279553574,4.96188370709,2.98395591928
241.0,2.13149564651e-10,3.26925838678,0.47800893735,0.284252610876,3.27395427057
242.0,2.16945136771e-10,3.52363038477,0.911402689477,0.886559156303,3.55274301284
243.0,2.20650033299e-10,3.76337813594,2.83331254054,3.01569415431,3.80455461319
244.0,2.24259977343e-10,3.93755216876,0.850230620238,0.636431872426,3.97728738549
245.0,2.27770799916e-10,3.95979562837,4.18900368326,4.31020456352,3.98729867886
246.0,2.31178444926e-10,3.73560862435,0.438310021868,0.436403453157,3.7456924071
247.0,2.34478974024e-10,3.20765735153,0.512646146099,0.261627184983,3.20166729386
248.0,2.37668571314e-10,2.40439710481,6.12878229993,6.63074908025,2.38888818843
249.0,2.40743547918e-10,1.47066223586,1.21565060863,0.738014010043,1.45436393933
250.0,2.43700346386e-10,0.65959897733,0.988252293311,0.919990135601,0.649857027828
251.0,2.46535544954e-10,0.275342479657,4.23669419975,5.00110349988,0.275426289302
252.0,2.49245861636e-10,0.573666048705,4.79259405109,3.73382631402,0.581979801248
253.0,2.51828158147e-10,1.64813970037,3.19888884668,3.80678116967,1.65959383522
254.0,2.54279443664e-10,3.34421640561,1.20343821341,1.46279643872,3.353111629
255.0,2.565968784e-10,5.2453101944,6.60664163748,5.53088010505,5.24843151302
256.0,2.58777777002e-10,6.75899820782,3.89927893582,5.13998529749,6.75749460727
257.0,2.60819611766e-10,7.29981560135,4.46229978365,3.75724667232,7.29891781485
258.0,2.6272001566e-10,6.52649436306,4.30623605276,4.05362275696,6.53301148919
259.0,2.64476785161e-10,4.55960406864,0.977038412164,1.57137229325,4.57807405078
260.0,2.66087882888e-10,2.0944311847,12.7771661233,12.4956239447,2.12339274472
261.0,2.67551440042e-10,0.342363510055,1.15925918171,1.09245140635,0.372226763337
262.0,2.68865758648e-10,0.78097616158,2.19081107028,1.17592267653,0.794404042539
263.0,2.70029313581e-10,4.75618332476,17.0237035607,19.620951364,4.73100353925
264.0,2.71040754399e-10,13.0386822177,10.2305943626,7.46211347667,12.9524983112
265.0,2.71898906959e-10,25.4693583876,6.73633451471,5.9726811596,25.3045403934
266.0,2.72602774821e-10,40.8189570443,10.9777224887,16.2005024003,40.5667051728
267.0,2.73151540449e-10,56.9342150052,82.1224438439,75.527978863,56.5968172739
268.0,2.73544566186e-10,71.1595546623,1.15093761371,1.15338866216,70.7505584602
269.0,2.73781395023e-10,80.9362387565,13.1254579602,15.9933057181,80.4787648923
270.0,2.73861751148e-10,84.4190070531,268.409927679,269.959811102,83.9427006461
271.0,2.73785540277e-10,80.9361181707,13.1230787067,15.9933697576,80.4732665935
272.0,2.73552849775e-10,71.1593285694,1.15375130873,1.15644744231,70.7406170032
273.0,2.73163948549e-10,56.9339110722,82.1185080904,75.5230502965,56.5842776173
274.0,2.72619286735e-10,40.8186108727,10.9772551932,16.1999683454,40.5537571408
275.0,2.71919495159e-10,25.4690074028,6.73689254684,5.9739755431,25.2932335678
276.0,2.71065384586e-10,13.0383591072,10.2361977112,7.46636452722,12.9443590603
277.0,2.70057944759e-10,4.75591026864,17.026917271,19.6248502405,4.72684953423
278.0,2.68898343209e-10,0.780761074228,2.19013079063,1.17540558483,0.794375254014
279.0,2.67587923872e-10,0.34219921013,1.1603079684,1.09275238995,0.37597670898
280.0,2.66128205479e-10,2.09429781506,12.7745464209,12.4937734659,2.13033774195
281.0,2.64520879742e-10,4.55947431124,0.976431006946,1.57050514458,4.58759598476
282.0,2.62767809339e-10,6.52634028283,4.30764006039,4.05486319156,6.54454740704
283.0,2.60871025686e-10,7.29961551444,4.45858513258,3.75399287604,7.31192843608
284.0,2.58832726508e-10,6.75874196983,3.89813046901,5.13852981335,6.77135814929
285.0,2.56655273218e-10,5.24500175524,6.60527900889,5.52959117668,5.26233798155
286.0,2.54341188096e-10,3.34387324092,1.20272254343,1.46214553561,3.3660271612
287.0,2.51893151271e-10,1.64778955147,3.20109799296,3.80889959143,1.67033057866
288.0,2.4931399752e-10,0.57334203133,4.79269439289,3.73388116486,0.589360591921
289.0,2.46606712881e-10,0.275077862328,4.23834018553,5.0027691416,0.278494442775
290.0,2.43774431086e-10,0.659422757875,0.988424157901,0.920268074372,0.648064267795
291.0,2.40820429812e-10,1.47059616546,1.21723961844,0.739261848545,1.4476782481
292.0,2.37748126764e-10,2.40445423645,6.13304211139,6.63539994797,2.37779215012
293.0,2.34561075593e-10,3.20784174105,0.51347022286,0.262222996953,3.18705356637
294.0,2.31262961645e-10,3.73591563183,0.438709764702,0.43683569775,3.72869260267
295.0,2.27857597554e-10,3.96021237844,4.18774281125,4.30914897454,3.96909577266
296.0,2.2434891869e-10,3.93805803249,0.850394582917,0.636363721138,3.95895755623
297.0,2.20740978449e-10,3.76394542912,2.8323919631,3.01485645002,3.78696668998
298.0,2.1703794341e-10,3.52422567264,0.911090763546,0.886312556449,3.53652097053
299.0,2.13244088351e-10,3.26984475072,0.477923129782,0.284072263986,3.25948916057
300.0,2.09363791142e-10,3.01187091634,4.69852230256,4.95772033275,2.97144391907
301.0,2.05401527508e-10,2.73537257484,0.564647171409,0.367230200428,2.66408072559
302.0,2.0136186568e-10,2.42173297848,0.527725919894,0.550359547772,2.32544971425
303.0,1.97249460932e-10,2.06870284684,1.96218651963,2.16428296961,1.95801014135
304.0,1.93069050015e-10,1.70057002737,2.25938237489,1.86544855237,1.58751104276
305.0,1.88825445496e-10,1.3658493591,1.59584946327,1.93213555361,1.26044595156
306.0,1.84523530003e-10,1.12475641585,0.808188034652,0.731515119173,1.03233021007
307.0,1.80168250387e-10,1.03186402215,1.23708128131,1.09666216205,0.951870891581
308.0,1.7576461181e-10,1.12011150827,0.3837991385,0.517003108479,1.0466957308
309.0,1.7131767176e-10,1.39100771116,3.24697515861,3.21931873023,1.3149772634
310.0,1.66832534006e-10,1.81330136215,0.0792488438296,0.0314964759215,1.72486782538
311.0,1.62314342495e-10,2.32962891377,0.342487725137,0.352264844758,2.2211257281
312.0,1.57768275207e-10,2.86854724474,1.10122626962,1.20791627089,2.73644044214
313.0,1.53199537964e-10,3.35837653528,1.7157475968,1.51498686783,3.20414874066
314.0,1.48613358208e-10,3.73944319806,0.393064452445,0.522504959582,3.56926579413
315.0,1.44014978752e-10,3.97232071256,1.28606758734,1.28223393613,3.79573164482
316.0,1.3940965152e-10,4.04105692393,0.418659878005,0.40802721443,3.86906101804
317.0,1.34802631265e-10,3.95170228981,0.477634005896,0.380814418213,3.79477662593
318.0,1.30199169296e-10,3.72739932021,0.860081046065,0.993431720075,3.59382800335
319.0,1.25604507203e-10,3.40172429883,2.50074355449,2.43007042054,3.29654358156
320.0,1.21023870592e-10,3.01191921673,0.106885589859,0.0759893244238,2.9365764395
321.0,1.16462462851e-10,2.59325622919,0.475916411917,0.513356476566,2.54592216434
322.0,1.1192545893e-10,2.17522312055,0.182592534768,0.212115860035,2.15158050802
323.0,1.07417999166e-10,1.77967481368,1.91998344109,1.91105649744,1.77395085859
324.0,1.02945183145e-10,1.4206793887,1.25803981504,1.13628194021,1.42669396691
325.0,9.85120636153e-11,1.10554977507,0.703998649342,0.788401279843,1.11759900783
326.0,9.41236404589e-11,0.836490230272,1.86741621395,1.90684488669,0.849956271091
327.0,8.97848547266e-11,0.61235827942,0.41871993748,0.38862984538,0.624010460955
328.0,8.55005827444e-11,0.430190408141,0.488609292916,0.473765471103,0.438204941335
329.0,8.12756302996e-11,0.286308187307,0.405787393372,0.356342870228,0.290074713929
330.0,7.7114726912e-11,0.176969184214,0.50724148764,0.552835097469,0.176770582291
331.0,7.30225201987e-11,0.0986307776745,2.58936708515,2.63672673365,0.0952807131208
332.0,6.90035703374e-11,0.0479486879217,2.29247683509,2.23716541355,0.0424554726246
333.0,6.50623446377e-11,0.0216420046997,0.322437456135,0.296201451625,0.0149442135589
334.0,6.12032122233e-11,0.0163358809376,0.195647671685,0.22064281858,0.00913103141255
335.0,5.74304388356e-11,0.0284566547464,0.328882831319,0.336918221861,0.0211235242182
336.0,5.37481817615e-11,0.0542147788865,0.151283537774,0.160227554901,0.0468151137047
337.0,5.01604848938e-11,0.089677494406,1.06650435489,1.07571370719,0.0820146318213
338.0,4.66712739291e-11,0.130910302562,1.85890262739,1.83333340822,0.122619922338
339.0,4.32843517101e-11,0.174154907185,1.17532410957,1.13952123243,0.164805306837
340.0,4.00033937161e-11,0.21600981864,0.351852429505,0.348940749442,0.205194040466
341.0,3.68319437094e-11,0.253585303538,0.627487811626,0.64887322254,0.240993520692
342.0,3.37734095413e-11,0.284613614638,1.21956596599,1.23433500051,0.270080135092
343.0,3.08310591234e-11,0.307505629852,1.1335383674,1.13388584083,0.291029866229
344.0,2.80080165697e-11,0.321354134346,0.560996549888,0.556289982574,0.303098498146
345.0,2.53072585127e-11,0.325890821348,0.158997922681,0.155075845952,0.306160658818
346.0,2.2731610599e-11,0.321408253597,0.13364738221,0.130101926039,0.300619809615
347.0,2.02837441696e-11,0.308659670806,0.25821915359,0.254334902655,0.287301937282
348.0,1.79661731268e-11,0.288749141101,0.292226999491,0.288789964058,0.267344650146
349.0,1.57812509929e-11,0.263022771907,0.192595744901,0.190425181093,0.242091242541
350.0,1.37311681644e-11,0.232969149093,0.0709431787911,0.0700858555693,0.212996643094
351.0,1.18179493647e-11,0.200134395027,0.070281338706,0.070272959911,0.181549463908
352.0,1.0043451298e-11,0.166054618146,0.269448711874,0.269645294228,0.14921193935
353.0,8.40936050842e-12,0.132206314246,0.646254704798,0.645985039458,0.117377569289
354.0,6.91719144585e-12,0.0999735870717,1.09690777135,1.09564319667,0.0873448324274
355.0,5.56828474135e-12,0.070629901408,1.48916049753,1.48670544928,0.060304397274
356.0,4.36380569456e-12,0.0453314143748,1.71702289095,1.71357726897,0.0373367652972
357.0,3.30474297446e-12,0.025118664345,1.73339570981,1.72943885617,0.0194171404404
358.0,2.3919075354e-12,0.0109234316059,1.55535168156,1.55144018807,0.00742443349168
359.0,1.62593174961e-12,0.00357782486227,1.25040195968,1.24700290334,0.00215158863941
360.0,1.00726875746e-12,0.00382300968897,0.914539586427,0.911955230837,0.00431478850099
