lambda0_nm,sigma_abs_DFM_aAu45nm_um2,sigma_abs_coated_Mie_um2,rel_err
3.000000e+02,1.300997e-02,1.296544e-02,3.434732e-03
3.200000e+02,1.228894e-02,1.211852e-02,1.406299e-02
3.400000e+02,1.501025e-02,1.479071e-02,1.484347e-02
3.600000e+02,1.596917e-02,1.569915e-02,1.719947e-02
3.800000e+02,1.581285e-02,1.577278e-02,2.540196e-03
4.000000e+02,1.604570e-02,1.592935e-02,7.304459e-03
4.200000e+02,1.645605e-02,1.623720e-02,1.347786e-02
4.400000e+02,1.667016e-02,1.672032e-02,-2.999638e-03
4.600000e+02,1.740166e-02,1.738686e-02,8.513997e-04
4.800000e+02,1.849620e-02,1.821634e-02,1.536293e-02
5.000000e+02,1.906664e-02,1.896176e-02,5.531340e-03
5.200000e+02,1.917584e-02,1.936682e-02,-9.861064e-03
5.400000e+02,1.905120e-02,1.906487e-02,-7.168624e-04
5.600000e+02,1.698954e-02,1.682943e-02,9.513706e-03
5.800000e+02,1.288706e-02,1.276455e-02,9.598077e-03
6.000000e+02,8.760380e-03,8.773192e-03,-1.460376e-03
6.200000e+02,5.803332e-03,5.919550e-03,-1.963285e-02
6.400000e+02,3.981026e-03,4.106626e-03,-3.058487e-02
6.600000e+02,2.910983e-03,2.972650e-03,-2.074501e-02
6.800000e+02,2.268788e-03,2.244851e-03,1.066319e-02
7.000000e+02,1.843140e-03,1.759477e-03,4.755007e-02
7.200000e+02,1.520934e-03,1.422779e-03,6.898793e-02
7.400000e+02,1.252512e-03,1.180596e-03,6.091477e-02
7.600000e+02,1.023340e-03,1.000734e-03,2.258871e-02
7.800000e+02,8.337444e-04,8.633927e-04,-3.433931e-02
8.000000e+02,6.867261e-04,7.559706e-04,-9.159673e-02
