theta_deg,Fx_1,Fx_2,Fz_1,Fz_2,Ny_1_own_centre,Ny_2_own_centre,Ny_1_about_origin,Ny_2_about_origin
0.000000e+00,1.363914e-03,-1.504082e-03,7.750441e-02,7.750633e-02,1.222015e-03,-1.112846e-03,7.950147e-02,-7.939424e-02
5.000000e+00,6.620450e-03,-1.430716e-03,7.700137e-02,7.731589e-02,1.815534e-03,-1.107146e-03,7.958691e-02,-7.919620e-02
1.000000e+01,1.166075e-02,-1.131916e-03,7.528872e-02,7.714629e-02,2.535280e-03,-1.135953e-03,7.857689e-02,-7.905370e-02
1.500000e+01,1.660475e-02,-6.288404e-04,7.303298e-02,7.697556e-02,3.484489e-03,-1.203721e-03,7.724780e-02,-7.894904e-02
2.000000e+01,2.166324e-02,1.738880e-05,7.103050e-02,7.680625e-02,4.817026e-03,-1.284701e-03,7.655783e-02,-7.885901e-02
2.500000e+01,2.704448e-02,7.398173e-04,6.989423e-02,7.664279e-02,6.663112e-03,-1.362890e-03,7.725629e-02,-7.877211e-02
3.000000e+01,3.281930e-02,1.495003e-03,6.986097e-02,7.649116e-02,9.074824e-03,-1.421249e-03,7.963440e-02,-7.867733e-02
3.500000e+01,3.883706e-02,2.253644e-03,7.076845e-02,7.636134e-02,1.196217e-02,-1.452520e-03,8.343831e-02,-7.857747e-02
4.000000e+01,4.468095e-02,3.002037e-03,7.218929e-02,7.626365e-02,1.507135e-02,-1.458237e-03,8.798253e-02,-7.848452e-02
4.500000e+01,4.971704e-02,3.727639e-03,7.363711e-02,7.620960e-02,1.801696e-02,-1.445006e-03,9.239043e-02,-7.841670e-02
5.000000e+01,5.321403e-02,4.411860e-03,7.473588e-02,7.621026e-02,2.035857e-02,-1.419357e-03,9.584181e-02,-7.839172e-02
5.500000e+01,5.449107e-02,5.028916e-03,7.529625e-02,7.627244e-02,2.168767e-02,-1.385863e-03,9.773688e-02,-7.842103e-02
6.000000e+01,5.305197e-02,5.548671e-03,7.530569e-02,7.639658e-02,2.170360e-02,-1.346508e-03,9.776234e-02,-7.850705e-02
6.500000e+01,4.867158e-02,5.941398e-03,7.487236e-02,7.657683e-02,2.026184e-02,-1.300458e-03,9.588292e-02,-7.864305e-02
7.000000e+01,4.141954e-02,6.182795e-03,7.416165e-02,7.680299e-02,1.738719e-02,-1.243699e-03,9.229045e-02,-7.881472e-02
7.500000e+01,3.162943e-02,6.258147e-03,7.334781e-02,7.706346e-02,1.325491e-02,-1.168805e-03,8.733620e-02,-7.900290e-02
8.000000e+01,1.983534e-02,6.165192e-03,7.258531e-02,7.734825e-02,8.151466e-03,-1.065804e-03,8.146263e-02,-7.918753e-02
8.500000e+01,6.700421e-03,5.915363e-03,7.199445e-02,7.765117e-02,2.429667e-03,-9.249331e-04,7.514406e-02,-7.935261e-02
9.000000e+01,-7.045125e-03,5.532907e-03,7.165420e-02,7.797069e-02,-3.529232e-03,-7.410174e-04,6.884151e-02,-7.949141e-02
9.500000e+01,-2.065046e-02,5.051675e-03,7.159803e-02,7.830911e-02,-9.341027e-03,-5.178941e-04,6.297298e-02,-7.961010e-02
1.000000e+02,-3.337858e-02,4.510273e-03,7.181163e-02,7.867007e-02,-1.463407e-02,-2.706789e-04,5.789568e-02,-7.972745e-02
1.050000e+02,-4.453820e-02,3.947209e-03,7.223332e-02,7.905464e-02,-1.906286e-02,-2.438053e-05,5.389280e-02,-7.986957e-02
1.100000e+02,-5.352272e-02,3.397601e-03,7.275766e-02,7.945648e-02,-2.232816e-02,1.907174e-04,5.115707e-02,-8.006033e-02
1.150000e+02,-5.986049e-02,2.891391e-03,7.324359e-02,7.985673e-02,-2.420750e-02,3.448251e-04,4.976852e-02,-8.031048e-02
1.200000e+02,-6.327205e-02,2.451435e-03,7.352936e-02,8.022091e-02,-2.459160e-02,4.135570e-04,4.967305e-02,-8.060956e-02
1.250000e+02,-6.372057e-02,2.089931e-03,7.345893e-02,8.050115e-02,-2.351602e-02,3.816669e-04,5.067750e-02,-8.092450e-02
1.300000e+02,-6.143583e-02,1.803933e-03,7.292420e-02,8.064675e-02,-2.117462e-02,2.465859e-04,5.247882e-02,-8.120663e-02
1.350000e+02,-5.689343e-02,1.572974e-03,7.192151e-02,8.062123e-02,-1.790493e-02,2.181499e-05,5.473580e-02,-8.140563e-02
1.400000e+02,-5.074127e-02,1.361714e-03,7.060581e-02,8.041834e-02,-1.414277e-02,-2.622132e-04,5.716910e-02,-8.148474e-02
1.450000e+02,-4.368225e-02,1.127831e-03,6.930929e-02,8.006767e-02,-1.035181e-02,-5.627222e-04,5.965056e-02,-8.143107e-02
1.500000e+02,-3.634133e-02,8.330383e-04,6.848617e-02,7.962594e-02,-6.940929e-03,-8.342756e-04,6.223011e-02,-8.125648e-02
1.550000e+02,-2.915961e-02,4.545583e-04,6.856788e-02,7.915723e-02,-4.187997e-03,-1.040691e-03,6.506557e-02,-8.098949e-02
1.600000e+02,-2.235593e-02,-3.235695e-06,6.976615e-02,7.871243e-02,-2.188720e-03,-1.165626e-03,6.827509e-02,-8.066518e-02
1.650000e+02,-1.595136e-02,-5.070811e-04,7.191249e-02,7.832384e-02,-8.569835e-04,-1.212336e-03,7.177463e-02,-8.031942e-02
1.700000e+02,-9.882231e-03,-9.788327e-04,7.444029e-02,7.799512e-02,4.107433e-07,-1.205439e-03,7.518510e-02,-7.998051e-02
1.750000e+02,-4.080143e-03,-1.335975e-03,7.654671e-02,7.772673e-02,6.197948e-04,-1.169704e-03,7.793197e-02,-7.967370e-02
1.800000e+02,1.489208e-03,-1.509708e-03,7.753661e-02,7.749201e-02,1.171636e-03,-1.150586e-03,7.948361e-02,-7.941751e-02
